{
  "backprop" : true,
  "backpropType" : "Standard",
  "cacheMode" : "NONE",
  "confs" : [ {
    "cacheMode" : "NONE",
    "epochCount" : 0,
    "iterationCount" : 0,
    "layer" : {
      "@class" : "org.deeplearning4j.nn.conf.layers.DenseLayer",
      "activationFn" : {
        "@class" : "org.nd4j.linalg.activations.impl.ActivationReLU"
      },
      "biasInit" : 0.0,
      "biasUpdater" : null,
      "constraints" : null,
      "dist" : null,
      "gradientNormalization" : "None",
      "gradientNormalizationThreshold" : 1.0,
      "hasBias" : true,
      "idropout" : {
        "@class" : "org.deeplearning4j.nn.conf.dropout.Dropout",
        "p" : 1.0,
        "pschedule" : null
      },
      "iupdater" : {
        "@class" : "org.nd4j.linalg.learning.config.Adam",
        "beta1" : 0.8999999761581421,
        "beta2" : 0.9990000128746033,
        "epsilon" : 1.0E-7,
        "learningRate" : 0.0010000000474974513,
        "learningRateSchedule" : {
          "@class" : "org.nd4j.linalg.schedule.InverseSchedule",
          "gamma" : 0.0,
          "initialValue" : 1.0,
          "power" : 1.0,
          "scheduleType" : "ITERATION"
        }
      },
      "l1" : 0.0,
      "l1Bias" : 0.0,
      "l2" : 0.0,
      "l2Bias" : 0.0,
      "layerName" : "dense_1",
      "nin" : 562,
      "nout" : 80,
      "pretrain" : false,
      "weightInit" : "VAR_SCALING_UNIFORM_FAN_AVG",
      "weightNoise" : null
    },
    "maxNumLineSearchIterations" : 5,
    "miniBatch" : true,
    "minimize" : true,
    "optimizationAlgo" : "STOCHASTIC_GRADIENT_DESCENT",
    "pretrain" : false,
    "seed" : 1550711049898,
    "stepFunction" : null,
    "variables" : [ "W", "b" ]
  }, {
    "cacheMode" : "NONE",
    "epochCount" : 0,
    "iterationCount" : 0,
    "layer" : {
      "@class" : "org.deeplearning4j.nn.conf.layers.DenseLayer",
      "activationFn" : {
        "@class" : "org.nd4j.linalg.activations.impl.ActivationReLU"
      },
      "biasInit" : 0.0,
      "biasUpdater" : null,
      "constraints" : null,
      "dist" : null,
      "gradientNormalization" : "None",
      "gradientNormalizationThreshold" : 1.0,
      "hasBias" : true,
      "idropout" : {
        "@class" : "org.deeplearning4j.nn.conf.dropout.Dropout",
        "p" : 1.0,
        "pschedule" : null
      },
      "iupdater" : {
        "@class" : "org.nd4j.linalg.learning.config.Adam",
        "beta1" : 0.8999999761581421,
        "beta2" : 0.9990000128746033,
        "epsilon" : 1.0E-7,
        "learningRate" : 0.0010000000474974513,
        "learningRateSchedule" : {
          "@class" : "org.nd4j.linalg.schedule.InverseSchedule",
          "gamma" : 0.0,
          "initialValue" : 1.0,
          "power" : 1.0,
          "scheduleType" : "ITERATION"
        }
      },
      "l1" : 0.0,
      "l1Bias" : 0.0,
      "l2" : 0.0,
      "l2Bias" : 0.0,
      "layerName" : "dense_2",
      "nin" : 80,
      "nout" : 60,
      "pretrain" : false,
      "weightInit" : "VAR_SCALING_UNIFORM_FAN_AVG",
      "weightNoise" : null
    },
    "maxNumLineSearchIterations" : 5,
    "miniBatch" : true,
    "minimize" : true,
    "optimizationAlgo" : "STOCHASTIC_GRADIENT_DESCENT",
    "pretrain" : false,
    "seed" : 1550711049898,
    "stepFunction" : null,
    "variables" : [ "W", "b" ]
  }, {
    "cacheMode" : "NONE",
    "epochCount" : 0,
    "iterationCount" : 0,
    "layer" : {
      "@class" : "org.deeplearning4j.nn.conf.layers.DenseLayer",
      "activationFn" : {
        "@class" : "org.nd4j.linalg.activations.impl.ActivationReLU"
      },
      "biasInit" : 0.0,
      "biasUpdater" : null,
      "constraints" : null,
      "dist" : null,
      "gradientNormalization" : "None",
      "gradientNormalizationThreshold" : 1.0,
      "hasBias" : true,
      "idropout" : {
        "@class" : "org.deeplearning4j.nn.conf.dropout.Dropout",
        "p" : 1.0,
        "pschedule" : null
      },
      "iupdater" : {
        "@class" : "org.nd4j.linalg.learning.config.Adam",
        "beta1" : 0.8999999761581421,
        "beta2" : 0.9990000128746033,
        "epsilon" : 1.0E-7,
        "learningRate" : 0.0010000000474974513,
        "learningRateSchedule" : {
          "@class" : "org.nd4j.linalg.schedule.InverseSchedule",
          "gamma" : 0.0,
          "initialValue" : 1.0,
          "power" : 1.0,
          "scheduleType" : "ITERATION"
        }
      },
      "l1" : 0.0,
      "l1Bias" : 0.0,
      "l2" : 0.0,
      "l2Bias" : 0.0,
      "layerName" : "dense_3",
      "nin" : 60,
      "nout" : 40,
      "pretrain" : false,
      "weightInit" : "VAR_SCALING_UNIFORM_FAN_AVG",
      "weightNoise" : null
    },
    "maxNumLineSearchIterations" : 5,
    "miniBatch" : true,
    "minimize" : true,
    "optimizationAlgo" : "STOCHASTIC_GRADIENT_DESCENT",
    "pretrain" : false,
    "seed" : 1550711049898,
    "stepFunction" : null,
    "variables" : [ "W", "b" ]
  }, {
    "cacheMode" : "NONE",
    "epochCount" : 0,
    "iterationCount" : 0,
    "layer" : {
      "@class" : "org.deeplearning4j.nn.conf.layers.DenseLayer",
      "activationFn" : {
        "@class" : "org.nd4j.linalg.activations.impl.ActivationSoftmax"
      },
      "biasInit" : 0.0,
      "biasUpdater" : null,
      "constraints" : null,
      "dist" : null,
      "gradientNormalization" : "None",
      "gradientNormalizationThreshold" : 1.0,
      "hasBias" : true,
      "idropout" : {
        "@class" : "org.deeplearning4j.nn.conf.dropout.Dropout",
        "p" : 1.0,
        "pschedule" : null
      },
      "iupdater" : {
        "@class" : "org.nd4j.linalg.learning.config.Adam",
        "beta1" : 0.8999999761581421,
        "beta2" : 0.9990000128746033,
        "epsilon" : 1.0E-7,
        "learningRate" : 0.0010000000474974513,
        "learningRateSchedule" : {
          "@class" : "org.nd4j.linalg.schedule.InverseSchedule",
          "gamma" : 0.0,
          "initialValue" : 1.0,
          "power" : 1.0,
          "scheduleType" : "ITERATION"
        }
      },
      "l1" : 0.0,
      "l1Bias" : 0.0,
      "l2" : 0.0,
      "l2Bias" : 0.0,
      "layerName" : "dense_4",
      "nin" : 40,
      "nout" : 6,
      "pretrain" : false,
      "weightInit" : "VAR_SCALING_UNIFORM_FAN_AVG",
      "weightNoise" : null
    },
    "maxNumLineSearchIterations" : 5,
    "miniBatch" : true,
    "minimize" : true,
    "optimizationAlgo" : "STOCHASTIC_GRADIENT_DESCENT",
    "pretrain" : false,
    "seed" : 1550711049898,
    "stepFunction" : null,
    "variables" : [ "W", "b" ]
  }, {
    "cacheMode" : "NONE",
    "epochCount" : 0,
    "iterationCount" : 0,
    "layer" : {
      "@class" : "org.deeplearning4j.nn.conf.layers.LossLayer",
      "activationFn" : {
        "@class" : "org.nd4j.linalg.activations.impl.ActivationIdentity"
      },
      "biasInit" : 0.0,
      "biasUpdater" : null,
      "constraints" : null,
      "dist" : null,
      "gradientNormalization" : "None",
      "gradientNormalizationThreshold" : 1.0,
      "idropout" : null,
      "iupdater" : {
        "@class" : "org.nd4j.linalg.learning.config.Adam",
        "beta1" : 0.8999999761581421,
        "beta2" : 0.9990000128746033,
        "epsilon" : 1.0E-7,
        "learningRate" : 0.0010000000474974513,
        "learningRateSchedule" : {
          "@class" : "org.nd4j.linalg.schedule.InverseSchedule",
          "gamma" : 0.0,
          "initialValue" : 1.0,
          "power" : 1.0,
          "scheduleType" : "ITERATION"
        }
      },
      "l1" : 0.0,
      "l1Bias" : 0.0,
      "l2" : 0.0,
      "l2Bias" : 0.0,
      "layerName" : "dense_4_loss",
      "lossFn" : {
        "@class" : "org.nd4j.linalg.lossfunctions.impl.LossMCXENT",
        "softmaxClipEps" : 1.0E-10,
        "configProperties" : false,
        "numOutputs" : -1
      },
      "nin" : 6,
      "nout" : 0,
      "pretrain" : false,
      "weightInit" : "XAVIER",
      "weightNoise" : null
    },
    "maxNumLineSearchIterations" : 5,
    "miniBatch" : true,
    "minimize" : true,
    "optimizationAlgo" : "STOCHASTIC_GRADIENT_DESCENT",
    "pretrain" : false,
    "seed" : 1550711049898,
    "stepFunction" : null,
    "variables" : [ ]
  } ],
  "epochCount" : 0,
  "inferenceWorkspaceMode" : "ENABLED",
  "inputPreProcessors" : { },
  "iterationCount" : 0,
  "legacyBatchScaledL2" : false,
  "pretrain" : false,
  "tbpttBackLength" : 20,
  "tbpttFwdLength" : 20,
  "trainingWorkspaceMode" : "ENABLED"
}